,Portfolio_Return
2026-03-30 09:35:00,0.0
2026-03-30 09:40:00,0.0
2026-03-30 09:45:00,0.0
2026-03-30 09:50:00,0.0
2026-03-30 09:55:00,0.0
2026-03-30 10:00:00,0.0
2026-03-30 10:05:00,0.0
2026-03-30 10:10:00,0.0
2026-03-30 10:15:00,0.0
2026-03-30 10:20:00,0.0
2026-03-30 10:25:00,0.0
2026-03-30 10:30:00,0.0
2026-03-30 10:35:00,0.0
2026-03-30 10:40:00,0.0
2026-03-30 10:45:00,0.0
2026-03-30 10:50:00,0.0
2026-03-30 10:55:00,0.0
2026-03-30 11:00:00,0.0
2026-03-30 11:05:00,0.0
2026-03-30 11:10:00,0.0
2026-03-30 11:15:00,0.0
2026-03-30 11:20:00,0.0
2026-03-30 11:25:00,0.0
2026-03-30 11:30:00,0.0
2026-03-30 11:35:00,0.0
2026-03-30 11:40:00,0.0
2026-03-30 11:45:00,0.0
2026-03-30 11:50:00,0.0
2026-03-30 11:55:00,0.0
2026-03-30 12:00:00,0.0
2026-03-30 12:05:00,0.0
2026-03-30 12:10:00,0.0
2026-03-30 12:15:00,0.0
2026-03-30 12:20:00,0.0
2026-03-30 12:25:00,0.0
2026-03-30 12:30:00,0.0
2026-03-30 12:35:00,0.0
2026-03-30 12:40:00,0.0
2026-03-30 12:45:00,0.0
2026-03-30 12:50:00,0.0
2026-03-30 12:55:00,0.0
2026-03-30 13:00:00,0.0
2026-03-30 13:05:00,0.0
2026-03-30 13:10:00,0.0
2026-03-30 13:15:00,0.0
2026-03-30 13:20:00,0.0
2026-03-30 13:25:00,0.0
2026-03-30 13:30:00,0.0
2026-03-30 13:35:00,0.0
2026-03-30 13:40:00,0.0
2026-03-30 13:45:00,0.0
2026-03-30 13:50:00,0.0
2026-03-30 13:55:00,0.0
2026-03-30 14:00:00,0.0
2026-03-30 14:05:00,0.0
2026-03-30 14:10:00,0.0
2026-03-30 14:15:00,0.0
2026-03-30 14:20:00,0.0
2026-03-30 14:25:00,0.0
2026-03-30 14:30:00,0.0
2026-03-30 14:35:00,0.0
2026-03-30 14:40:00,0.0
2026-03-30 14:45:00,0.0
2026-03-30 14:50:00,0.0
2026-03-30 14:55:00,0.0
2026-03-30 15:00:00,0.0
2026-03-30 15:05:00,0.0
2026-03-30 15:10:00,0.0
2026-03-30 15:15:00,0.0
2026-03-30 15:20:00,0.0
2026-03-30 15:25:00,0.0
2026-03-30 15:30:00,0.0
2026-03-30 15:35:00,0.0
2026-03-30 15:40:00,0.0
2026-03-30 15:45:00,0.0
2026-03-30 15:50:00,0.0
2026-03-30 15:55:00,0.0
2026-03-31 09:30:00,0.0
2026-03-31 09:35:00,0.0
2026-03-31 09:40:00,0.0
2026-03-31 09:45:00,0.0
2026-03-31 09:50:00,0.0
2026-03-31 09:55:00,0.0
2026-03-31 10:00:00,0.0
2026-03-31 10:05:00,0.0
2026-03-31 10:10:00,0.0
2026-03-31 10:15:00,0.0
2026-03-31 10:20:00,0.0
2026-03-31 10:25:00,0.0
2026-03-31 10:30:00,0.0
2026-03-31 10:35:00,0.0
2026-03-31 10:40:00,0.0
2026-03-31 10:45:00,0.0
2026-03-31 10:50:00,0.0
2026-03-31 10:55:00,0.0
2026-03-31 11:00:00,0.0
2026-03-31 11:05:00,0.0
2026-03-31 11:10:00,0.0
2026-03-31 11:15:00,0.0
2026-03-31 11:20:00,0.0
2026-03-31 11:25:00,0.0
2026-03-31 11:30:00,0.0
2026-03-31 11:35:00,0.0
2026-03-31 11:40:00,0.0
2026-03-31 11:45:00,0.0
2026-03-31 11:50:00,0.0
2026-03-31 11:55:00,0.0
2026-03-31 12:00:00,0.0
2026-03-31 12:05:00,0.0
2026-03-31 12:10:00,0.0
2026-03-31 12:15:00,0.0
2026-03-31 12:20:00,0.0
2026-03-31 12:25:00,0.0
2026-03-31 12:30:00,0.0
2026-03-31 12:35:00,0.0
2026-03-31 12:40:00,0.0
2026-03-31 12:45:00,0.0
2026-03-31 12:50:00,0.0
2026-03-31 12:55:00,0.0
2026-03-31 13:00:00,0.0
2026-03-31 13:05:00,0.0
2026-03-31 13:10:00,0.0
2026-03-31 13:15:00,0.0
2026-03-31 13:20:00,0.0
2026-03-31 13:25:00,0.0
2026-03-31 13:30:00,0.0
2026-03-31 13:35:00,0.0
2026-03-31 13:40:00,0.0
2026-03-31 13:45:00,0.0
2026-03-31 13:50:00,0.0
2026-03-31 13:55:00,0.0
2026-03-31 14:00:00,0.0
2026-03-31 14:05:00,0.0
2026-03-31 14:10:00,0.0
2026-03-31 14:15:00,0.0
2026-03-31 14:20:00,0.0
2026-03-31 14:25:00,0.0
2026-03-31 14:30:00,0.0
2026-03-31 14:35:00,0.0
2026-03-31 14:40:00,0.0
2026-03-31 14:45:00,0.0
2026-03-31 14:50:00,0.0
2026-03-31 14:55:00,0.0
2026-03-31 15:00:00,0.0
2026-03-31 15:05:00,0.0
2026-03-31 15:10:00,0.0
2026-03-31 15:15:00,0.0
2026-03-31 15:20:00,0.0
2026-03-31 15:25:00,0.0
2026-03-31 15:30:00,0.0
2026-03-31 15:35:00,0.0
2026-03-31 15:40:00,0.0
2026-03-31 15:45:00,0.0
2026-03-31 15:50:00,0.0
2026-03-31 15:55:00,0.0
2026-04-01 09:30:00,0.0
2026-04-01 09:35:00,0.0
2026-04-01 09:40:00,0.0
2026-04-01 09:45:00,0.0
2026-04-01 09:50:00,0.0
2026-04-01 09:55:00,0.0
2026-04-01 10:00:00,0.0
2026-04-01 10:05:00,0.0
2026-04-01 10:10:00,0.0
2026-04-01 10:15:00,0.0
2026-04-01 10:20:00,0.0
2026-04-01 10:25:00,0.0
2026-04-01 10:30:00,0.0
2026-04-01 10:35:00,0.0
2026-04-01 10:40:00,0.0
2026-04-01 10:45:00,0.0
2026-04-01 10:50:00,0.0
2026-04-01 10:55:00,0.0
2026-04-01 11:00:00,0.0
2026-04-01 11:05:00,0.0
2026-04-01 11:10:00,0.0
2026-04-01 11:15:00,0.0
2026-04-01 11:20:00,0.0
2026-04-01 11:25:00,0.0
2026-04-01 11:30:00,0.0
2026-04-01 11:35:00,0.0
2026-04-01 11:40:00,0.0
2026-04-01 11:45:00,0.0
2026-04-01 11:50:00,0.0
2026-04-01 11:55:00,0.0
2026-04-01 12:00:00,0.0
2026-04-01 12:05:00,0.0
2026-04-01 12:10:00,0.0
2026-04-01 12:15:00,0.0
2026-04-01 12:20:00,0.0
2026-04-01 12:25:00,0.0
2026-04-01 12:30:00,0.0
2026-04-01 12:35:00,0.0
2026-04-01 12:40:00,0.0
2026-04-01 12:45:00,0.0
2026-04-01 12:50:00,0.0
2026-04-01 12:55:00,0.0
2026-04-01 13:00:00,0.0
2026-04-01 13:05:00,0.0
2026-04-01 13:10:00,0.0
2026-04-01 13:15:00,0.0
2026-04-01 13:20:00,0.0
2026-04-01 13:25:00,0.0
2026-04-01 13:30:00,0.0
2026-04-01 13:35:00,0.0
2026-04-01 13:40:00,0.0
2026-04-01 13:45:00,0.0
2026-04-01 13:50:00,0.0
2026-04-01 13:55:00,0.0
2026-04-01 14:00:00,0.0
2026-04-01 14:05:00,0.0
2026-04-01 14:10:00,0.0
2026-04-01 14:15:00,0.0
2026-04-01 14:20:00,0.0
2026-04-01 14:25:00,0.0
2026-04-01 14:30:00,0.0
2026-04-01 14:35:00,0.0
2026-04-01 14:40:00,0.0
2026-04-01 14:45:00,0.0
2026-04-01 14:50:00,0.0
2026-04-01 14:55:00,0.0
2026-04-01 15:00:00,0.0
2026-04-01 15:05:00,0.0
2026-04-01 15:10:00,0.0
2026-04-01 15:15:00,0.0
2026-04-01 15:20:00,0.0
2026-04-01 15:25:00,0.0
2026-04-01 15:30:00,0.0
2026-04-01 15:35:00,0.0
2026-04-01 15:40:00,0.0
2026-04-01 15:45:00,0.0
2026-04-01 15:50:00,0.0
2026-04-01 15:55:00,0.0
2026-04-02 09:30:00,0.0
2026-04-02 09:35:00,0.0
2026-04-02 09:40:00,0.0
2026-04-02 09:45:00,0.0
2026-04-02 09:50:00,0.0
2026-04-02 09:55:00,0.0
2026-04-02 10:00:00,0.0
2026-04-02 10:05:00,0.0
2026-04-02 10:10:00,0.0
2026-04-02 10:15:00,0.0
2026-04-02 10:20:00,0.0
2026-04-02 10:25:00,0.0
2026-04-02 10:30:00,0.0
2026-04-02 10:35:00,0.0
2026-04-02 10:40:00,0.0
2026-04-02 10:45:00,0.0
2026-04-02 10:50:00,0.0
2026-04-02 10:55:00,0.0
2026-04-02 11:00:00,0.0
2026-04-02 11:05:00,0.0
2026-04-02 11:10:00,0.0
2026-04-02 11:15:00,0.0
2026-04-02 11:20:00,0.0
2026-04-02 11:25:00,0.0
2026-04-02 11:30:00,0.0
2026-04-02 11:35:00,0.0
2026-04-02 11:40:00,0.0
2026-04-02 11:45:00,0.0
2026-04-02 11:50:00,0.0
2026-04-02 11:55:00,0.0
2026-04-02 12:00:00,0.0
2026-04-02 12:05:00,0.0
2026-04-02 12:10:00,0.0
2026-04-02 12:15:00,0.0
2026-04-02 12:20:00,0.0
2026-04-02 12:25:00,0.0
2026-04-02 12:30:00,0.0
2026-04-02 12:35:00,0.0
2026-04-02 12:40:00,0.0
2026-04-02 12:45:00,0.0
2026-04-02 12:50:00,0.0
2026-04-02 12:55:00,0.0
2026-04-02 13:00:00,0.0
2026-04-02 13:05:00,0.0
2026-04-02 13:10:00,0.0
2026-04-02 13:15:00,0.0
2026-04-02 13:20:00,0.0
2026-04-02 13:25:00,0.0
2026-04-02 13:30:00,0.0
2026-04-02 13:35:00,0.0
2026-04-02 13:40:00,0.0
2026-04-02 13:45:00,0.0
2026-04-02 13:50:00,0.0
2026-04-02 13:55:00,0.0
2026-04-02 14:00:00,0.0
2026-04-02 14:05:00,0.0
2026-04-02 14:10:00,0.0
2026-04-02 14:15:00,0.0
2026-04-02 14:20:00,0.0
2026-04-02 14:25:00,0.0
2026-04-02 14:30:00,0.0
2026-04-02 14:35:00,0.0
2026-04-02 14:40:00,0.0
2026-04-02 14:45:00,0.0
2026-04-02 14:50:00,0.0
2026-04-02 14:55:00,0.0
2026-04-02 15:00:00,0.0
2026-04-02 15:05:00,0.0
2026-04-02 15:10:00,0.0
2026-04-02 15:15:00,0.0
2026-04-02 15:20:00,0.0
2026-04-02 15:25:00,0.0
2026-04-02 15:30:00,0.0
2026-04-02 15:35:00,0.0
2026-04-02 15:40:00,0.0
2026-04-02 15:45:00,0.0
2026-04-02 15:50:00,0.0
2026-04-02 15:55:00,0.0
2026-04-06 09:30:00,0.0
2026-04-06 09:35:00,0.0
2026-04-06 09:40:00,0.0
2026-04-06 09:45:00,0.0
2026-04-06 09:50:00,0.0
2026-04-06 09:55:00,0.0
2026-04-06 10:00:00,0.0
2026-04-06 10:05:00,0.0
2026-04-06 10:10:00,0.0
2026-04-06 10:15:00,0.0
2026-04-06 10:20:00,0.0
2026-04-06 10:25:00,0.0
2026-04-06 10:30:00,0.0
2026-04-06 10:35:00,0.0
2026-04-06 10:40:00,0.0
2026-04-06 10:45:00,0.0
2026-04-06 10:50:00,0.0
2026-04-06 10:55:00,0.0
2026-04-06 11:00:00,0.0
2026-04-06 11:05:00,0.0
2026-04-06 11:10:00,0.0
2026-04-06 11:15:00,0.0
2026-04-06 11:20:00,0.0
2026-04-06 11:25:00,0.0
2026-04-06 11:30:00,0.0
2026-04-06 11:35:00,0.0
2026-04-06 11:40:00,0.0
2026-04-06 11:45:00,0.0
2026-04-06 11:50:00,0.0
2026-04-06 11:55:00,0.0
2026-04-06 12:00:00,0.0
2026-04-06 12:05:00,0.0
2026-04-06 12:10:00,0.0
2026-04-06 12:15:00,0.0
2026-04-06 12:20:00,0.0
2026-04-06 12:25:00,0.0
2026-04-06 12:30:00,0.0
2026-04-06 12:35:00,0.0
2026-04-06 12:40:00,0.0
2026-04-06 12:45:00,0.0
2026-04-06 12:50:00,0.0
2026-04-06 12:55:00,0.0
2026-04-06 13:00:00,0.0
2026-04-06 13:05:00,0.0
2026-04-06 13:10:00,0.0
2026-04-06 13:15:00,0.0
2026-04-06 13:20:00,0.0
2026-04-06 13:25:00,0.0
2026-04-06 13:30:00,0.0
2026-04-06 13:35:00,0.0
2026-04-06 13:40:00,0.0
2026-04-06 13:45:00,0.0
2026-04-06 13:50:00,0.0
2026-04-06 13:55:00,0.0
2026-04-06 14:00:00,0.0
2026-04-06 14:05:00,0.0
2026-04-06 14:10:00,0.0
2026-04-06 14:15:00,0.0
2026-04-06 14:20:00,0.0
2026-04-06 14:25:00,0.0
2026-04-06 14:30:00,0.0
2026-04-06 14:35:00,0.0
2026-04-06 14:40:00,0.0
2026-04-06 14:45:00,0.0
2026-04-06 14:50:00,0.0
2026-04-06 14:55:00,0.0
2026-04-06 15:00:00,0.0
2026-04-06 15:05:00,0.0
2026-04-06 15:10:00,0.0
2026-04-06 15:15:00,0.0
2026-04-06 15:20:00,0.0
2026-04-06 15:25:00,0.0
2026-04-06 15:30:00,0.0
2026-04-06 15:35:00,0.0
2026-04-06 15:40:00,0.0
2026-04-06 15:45:00,0.0
2026-04-06 15:50:00,0.0
2026-04-06 15:55:00,0.0
2026-04-07 09:30:00,0.0
2026-04-07 09:35:00,-0.0022004470125648397
2026-04-07 09:40:00,-0.00024784195519344534
2026-04-07 09:45:00,-0.00015412466796239178
2026-04-07 09:50:00,0.002422749083136245
2026-04-07 09:55:00,-0.0010991679587969228
2026-04-07 10:00:00,-0.0007065290698516129
2026-04-07 10:05:00,-0.0017240020165698823
2026-04-07 10:10:00,0.0010842633063894323
2026-04-07 10:15:00,0.00046750048352950466
2026-04-07 10:20:00,0.0018270099879228044
2026-04-07 10:25:00,-0.00023344034181758212
2026-04-07 10:30:00,0.0007948678665598327
2026-04-07 10:35:00,-0.0005036489890631083
2026-04-07 10:40:00,-0.0001343812248478594
2026-04-07 10:45:00,-0.0002473872157492099
2026-04-07 10:50:00,-0.0002913252832181112
2026-04-07 10:55:00,-0.0012307545782204088
2026-04-07 11:00:00,-0.00073901977128797
2026-04-07 11:05:00,-0.0013768314744294465
2026-04-07 11:10:00,-4.331788706408841e-05
2026-04-07 11:15:00,0.0011318380946805044
2026-04-07 11:20:00,-0.0009761323850501101
2026-04-07 11:25:00,0.0007921322663628834
2026-04-07 11:30:00,0.0002375733398448778
2026-04-07 11:35:00,0.00010796944847716859
2026-04-07 11:40:00,-0.0009659088850557128
2026-04-07 11:45:00,-0.00028439619274344546
2026-04-07 11:50:00,0.0003067938314504868
2026-04-07 11:55:00,0.0004357506953773061
2026-04-07 12:00:00,0.002574174987803208
2026-04-07 12:05:00,-0.0009637844402549349
2026-04-07 12:10:00,0.0005561255256214537
2026-04-07 12:15:00,-7.18879557056646e-05
2026-04-07 12:20:00,0.0002499663310764046
2026-04-07 12:25:00,0.0005287656028378961
2026-04-07 12:30:00,0.00015042141777650168
2026-04-07 12:35:00,-0.0010472274645921152
2026-04-07 12:40:00,0.000386480658538308
2026-04-07 12:45:00,0.0006030090319171297
2026-04-07 12:50:00,0.00017089851482529476
2026-04-07 12:55:00,-0.000474431600186317
2026-04-07 13:00:00,0.000579012023159162
2026-04-07 13:05:00,-0.00026518169522280984
2026-04-07 13:10:00,-0.0002115019579671525
2026-04-07 13:15:00,-0.0006934660176820676
2026-04-07 13:20:00,-0.00014729623252823592
2026-04-07 13:25:00,-2.7163471228886963e-05
2026-04-07 13:30:00,0.0011740848317854905
2026-04-07 13:35:00,0.001292622550384798
2026-04-07 13:40:00,-0.0007307431760263913
2026-04-07 13:45:00,-0.00031041141743467295
2026-04-07 13:50:00,4.8499569794533914e-05
2026-04-07 13:55:00,-0.0002593883691931262
2026-04-07 14:00:00,-0.0002705906453544129
2026-04-07 14:05:00,-0.0003453017429730879
2026-04-07 14:10:00,0.00017264882955517083
2026-04-07 14:15:00,0.0005484618906358705
2026-04-07 14:20:00,-0.0005696441125724156
2026-04-07 14:25:00,-3.6381795474985595e-05
2026-04-07 14:30:00,1.3154714402066567e-05
2026-04-07 14:35:00,-0.0004483950199598504
2026-04-07 14:40:00,-0.0004088057304180015
2026-04-07 14:45:00,-0.0005585004893113559
2026-04-07 14:50:00,-0.0010810702873211464
2026-04-07 14:55:00,-0.0003551169147413024
2026-04-07 15:00:00,-0.00043796580056091266
2026-04-07 15:05:00,-0.000980259007086571
2026-04-07 15:10:00,0.0010716698500759618
2026-04-07 15:15:00,0.0034824539511068018
2026-04-07 15:20:00,-0.0006083969770877929
2026-04-07 15:25:00,0.00018857967424786986
2026-04-07 15:30:00,-0.0007446537912849337
2026-04-07 15:35:00,-0.0013691841169963894
2026-04-07 15:40:00,0.00045461143768414305
2026-04-07 15:45:00,0.001459361560957999
2026-04-07 15:50:00,0.0004759582514628696
2026-04-07 15:55:00,0.00037613680952755697
2026-04-08 09:30:00,0.01858189535375189
2026-04-08 09:35:00,0.0010837211688292292
2026-04-08 09:40:00,-9.615935928873815e-05
2026-04-08 09:45:00,0.00040087475969475893
2026-04-08 09:50:00,-0.0027445245861813707
2026-04-08 09:55:00,0.0019030423064858228
2026-04-08 10:00:00,0.0013020323125306167
2026-04-08 10:05:00,-0.00025094957164580235
2026-04-08 10:10:00,0.0003756272880270012
2026-04-08 10:15:00,-0.0005833987027557205
2026-04-08 10:20:00,-0.00029257176884690806
2026-04-08 10:25:00,-0.0011455481274300653
2026-04-08 10:30:00,-0.001307667143941738
2026-04-08 10:35:00,-0.0012741788850286402
2026-04-08 10:40:00,0.0007004914453224074
2026-04-08 10:45:00,0.0004625677336898725
2026-04-08 10:50:00,-0.0007321595642734709
2026-04-08 10:55:00,-0.00031880515389656
2026-04-08 11:00:00,0.000709404913896735
2026-04-08 11:05:00,-0.0008829339352038699
2026-04-08 11:10:00,0.0001535865868421332
2026-04-08 11:15:00,0.00042992479267048403
2026-04-08 11:20:00,0.00033898009458758794
2026-04-08 11:25:00,-0.0007993841505621597
2026-04-08 11:30:00,0.0011849537054009688
2026-04-08 11:35:00,0.0006478168332057881
2026-04-08 11:40:00,-0.0003091431868860428
2026-04-08 11:45:00,0.0005491769156018713
2026-04-08 11:50:00,0.00029880424137847397
2026-04-08 11:55:00,-0.00016061119045588144
2026-04-08 12:00:00,0.0006777818438986642
2026-04-08 12:05:00,-5.9449950362905125e-05
2026-04-08 12:10:00,-0.0005322886458243587
2026-04-08 12:15:00,-0.00025576363367770286
2026-04-08 12:20:00,-0.00032782964056561517
2026-04-08 12:25:00,-0.00022987845796494197
2026-04-08 12:30:00,0.00024329801776679875
2026-04-08 12:35:00,2.031450640089959e-05
2026-04-08 12:40:00,0.0003176721331530643
2026-04-08 12:45:00,0.0001085975093509131
2026-04-08 12:50:00,-0.0005465300076090668
2026-04-08 12:55:00,0.00018704781412187514
2026-04-08 13:00:00,0.00012599183762694805
2026-04-08 13:05:00,-0.00022275591685304318
2026-04-08 13:10:00,0.00023342968185840362
2026-04-08 13:15:00,-9.171453897500742e-05
2026-04-08 13:20:00,-0.0007243345074518118
2026-04-08 13:25:00,-9.943868253676157e-05
2026-04-08 13:30:00,0.00014414117501767418
2026-04-08 13:35:00,0.00043785063556755534
2026-04-08 13:40:00,0.0006230595500889314
2026-04-08 13:45:00,0.00012481731685734876
2026-04-08 13:50:00,0.0004984095773541311
2026-04-08 13:55:00,0.0003373816484779722
2026-04-08 14:00:00,0.00040442413331799457
2026-04-08 14:05:00,0.000151937168101377
2026-04-08 14:10:00,-4.8108968842362186e-05
2026-04-08 14:15:00,-0.0022460707045503197
2026-04-08 14:20:00,0.00030964249924075675
2026-04-08 14:25:00,0.00037032250391089616
2026-04-08 14:30:00,-0.00039578421974685194
2026-04-08 14:35:00,-0.00045147389629029717
2026-04-08 14:40:00,-0.0005810316273994265
2026-04-08 14:45:00,-0.00024284211955798843
2026-04-08 14:50:00,6.0611391850333966e-05
2026-04-08 14:55:00,-0.0009484515653134808
2026-04-08 15:00:00,0.00013207195318897585
2026-04-08 15:05:00,0.0005170199666413989
2026-04-08 15:10:00,0.0014485155594277136
2026-04-08 15:15:00,-0.00037357377906131815
2026-04-08 15:20:00,-0.00011982093515169972
2026-04-08 15:25:00,-0.0002436212783290344
2026-04-08 15:30:00,0.0012994097931710953
2026-04-08 15:35:00,0.00019895704040064348
2026-04-08 15:40:00,-0.00010981336052729178
2026-04-08 15:45:00,-0.00016701086535603167
2026-04-08 15:50:00,0.0009219444911156453
2026-04-08 15:55:00,0.0005228915712375338
2026-04-09 09:30:00,-0.003092717604595177
2026-04-09 09:35:00,-0.0005394202986744063
2026-04-09 09:40:00,0.0005046228952991247
2026-04-09 09:45:00,-0.0009929812218557577
2026-04-09 09:50:00,0.0001159794982837285
2026-04-09 09:55:00,0.0013854266131568985
2026-04-09 10:00:00,-0.0006233823486160401
2026-04-09 10:05:00,-0.0005845207194177577
2026-04-09 10:10:00,-0.00034830800469264506
2026-04-09 10:15:00,-0.0002556195846965079
2026-04-09 10:20:00,0.0001902651684724465
2026-04-09 10:25:00,-0.00027059808377204056
2026-04-09 10:30:00,-0.00046062591766519745
2026-04-09 10:35:00,0.0002874129673091331
2026-04-09 10:40:00,-0.000497637419145103
2026-04-09 10:45:00,-0.00039288235269513823
2026-04-09 10:50:00,9.892240596593915e-05
2026-04-09 10:55:00,0.00011367691513624489
2026-04-09 11:00:00,-0.0013942236193674794
2026-04-09 11:05:00,0.0008992742581703356
2026-04-09 11:10:00,2.369006182455498e-06
2026-04-09 11:15:00,0.0005540638531847542
2026-04-09 11:20:00,-0.0005606110154338165
2026-04-09 11:25:00,0.0004387960907013779
2026-04-09 11:30:00,0.0020822830374876084
2026-04-09 11:35:00,-0.0002736466030897764
2026-04-09 11:40:00,0.0006095591950626745
2026-04-09 11:45:00,0.0003494311817379195
2026-04-09 11:50:00,0.00036998738212734605
2026-04-09 11:55:00,0.00012575913806355871
2026-04-09 12:00:00,0.0013266493568960564
2026-04-09 12:05:00,-9.954869018057835e-05
2026-04-09 12:10:00,0.00020612029334733382
2026-04-09 12:15:00,0.0007441742259193159
2026-04-09 12:20:00,-0.000394260267556567
2026-04-09 12:25:00,-0.00014822709456706315
2026-04-09 12:30:00,-0.00019752569703805219
2026-04-09 12:35:00,-0.0003465378235613906
2026-04-09 12:40:00,0.00024053239463123948
2026-04-09 12:45:00,8.472138653120101e-05
2026-04-09 12:50:00,0.001027701826196042
2026-04-09 12:55:00,-2.45681126095628e-05
2026-04-09 13:00:00,0.0003437198279508439
2026-04-09 13:05:00,0.00040570739552610085
2026-04-09 13:10:00,-0.00018336972528454505
2026-04-09 13:15:00,0.0005481840129973193
2026-04-09 13:20:00,-0.00038259668488453653
2026-04-09 13:25:00,-0.00010654427727310984
2026-04-09 13:30:00,-0.000208059905807912
2026-04-09 13:35:00,0.0009303104963275875
2026-04-09 13:40:00,-0.0006831634861006
2026-04-09 13:45:00,0.00015621714012185173
2026-04-09 13:50:00,-0.0001742499247314601
2026-04-09 13:55:00,3.882991334065791e-05
2026-04-09 14:00:00,-0.002005037745367139
2026-04-09 14:05:00,0.0002457642728058881
2026-04-09 14:10:00,-0.0004305013364376434
2026-04-09 14:15:00,0.00033909817709430404
2026-04-09 14:20:00,-0.00035545049408339713
2026-04-09 14:25:00,-0.00010340554068955906
2026-04-09 14:30:00,-0.0004415459621812666
2026-04-09 14:35:00,0.0003472384138594138
2026-04-09 14:40:00,-0.0003496440538261083
2026-04-09 14:45:00,0.00010515708438029905
2026-04-09 14:50:00,-0.0004346389870488317
2026-04-09 14:55:00,0.0004729053011781324
2026-04-09 15:00:00,0.00027084056266500194
2026-04-09 15:05:00,0.0011781662423759201
2026-04-09 15:10:00,9.756522940999314e-05
2026-04-09 15:15:00,-0.00030936387657908287
2026-04-09 15:20:00,1.022660034500275e-05
2026-04-09 15:25:00,-1.9527792666060978e-05
2026-04-09 15:30:00,0.0004895468771277789
2026-04-09 15:35:00,-0.0006124991205271695
2026-04-09 15:40:00,-0.0003812368657140718
2026-04-09 15:45:00,-0.0002551051802129591
2026-04-09 15:50:00,0.0002606524111028001
2026-04-09 15:55:00,-0.0004971581257508394
2026-04-10 09:30:00,-0.00230711737867051
2026-04-10 09:35:00,0.0008569750731293113
2026-04-10 09:40:00,0.0001811325440801184
2026-04-10 09:45:00,-0.0020768234312540895
2026-04-10 09:50:00,-0.00012506376688761287
2026-04-10 09:55:00,0.0013987607823189188
2026-04-10 10:00:00,7.649312898731133e-05
2026-04-10 10:05:00,-0.00011975238854380164
2026-04-10 10:10:00,0.00046435998072739607
2026-04-10 10:15:00,-0.00033517636521002224
2026-04-10 10:20:00,-0.0003735046730281853
2026-04-10 10:25:00,0.0002033784725185618
2026-04-10 10:30:00,-0.0010054577824397644
2026-04-10 10:35:00,-0.0006004544634914267
2026-04-10 10:40:00,-2.9195607321911234e-05
2026-04-10 10:45:00,-0.0006927029842982958
2026-04-10 10:50:00,0.00016713183214347814
2026-04-10 10:55:00,6.499509517250417e-05
2026-04-10 11:00:00,-0.0003298573314335487
2026-04-10 11:05:00,0.00031279846257708697
2026-04-10 11:10:00,-0.00015836460902057023
2026-04-10 11:15:00,-0.0004145050024542035
2026-04-10 11:20:00,0.0004949296511368715
2026-04-10 11:25:00,-0.000609424571327016
2026-04-10 11:30:00,-0.00036284516207901935
2026-04-10 11:35:00,0.00017738931601392788
2026-04-10 11:40:00,-0.00014772375789237112
2026-04-10 11:45:00,-0.0005539437151086809
2026-04-10 11:50:00,-0.0004646561449514655
2026-04-10 11:55:00,-0.000546103429970746
2026-04-10 12:00:00,0.00011579908891282972
2026-04-10 12:05:00,-4.262597599579378e-05
2026-04-10 12:10:00,0.00026203661133669405
2026-04-10 12:15:00,-0.00019820866948041664
2026-04-10 12:20:00,0.00011068567975864453
2026-04-10 12:25:00,3.488590193213464e-05
2026-04-10 12:30:00,-0.00015611635409770147
2026-04-10 12:35:00,-0.00030743315258390923
2026-04-10 12:40:00,-0.0002515893093511707
2026-04-10 12:45:00,0.00045876175750476716
2026-04-10 12:50:00,0.00023328570066726597
2026-04-10 12:55:00,-0.0003637166671263966
2026-04-10 13:00:00,-0.0008612852112687809
2026-04-10 13:05:00,-4.14001409035596e-05
2026-04-10 13:10:00,0.00032145866216855143
2026-04-10 13:15:00,-0.0003088285698143033
2026-04-10 13:20:00,-2.0930044348556028e-05
2026-04-10 13:25:00,-0.00013823962281771636
2026-04-10 13:30:00,9.662334532940412e-05
2026-04-10 13:35:00,0.00021893848524554368
2026-04-10 13:40:00,4.687482326631961e-05
2026-04-10 13:45:00,0.00011567635587082522
2026-04-10 13:50:00,6.468714906983472e-05
2026-04-10 13:55:00,-0.0002448788444057322
2026-04-10 14:00:00,-0.00034965297095935637
2026-04-10 14:05:00,0.00015044976497460236
2026-04-10 14:10:00,-8.111301568106966e-05
2026-04-10 14:15:00,0.0005271028513694068
2026-04-10 14:20:00,-0.0002871843749758898
2026-04-10 14:25:00,0.00023750734767401715
2026-04-10 14:30:00,7.582017163132307e-08
2026-04-10 14:35:00,-0.00036391895568204584
2026-04-10 14:40:00,-9.46775931156379e-05
2026-04-10 14:45:00,2.691025096512154e-06
2026-04-10 14:50:00,-9.133342881322858e-05
2026-04-10 14:55:00,0.0002449275173466318
2026-04-10 15:00:00,0.00012436983957194673
2026-04-10 15:05:00,-0.0001615563099914125
2026-04-10 15:10:00,0.0003962393549212584
2026-04-10 15:15:00,-0.0003430738034446831
2026-04-10 15:20:00,-0.000655996352772831
2026-04-10 15:25:00,0.00011953282953571446
2026-04-10 15:30:00,-0.0002343774839333361
2026-04-10 15:35:00,-0.000721608001274132
2026-04-10 15:40:00,0.00014397392186889623
2026-04-10 15:45:00,-0.00032001036354729266
2026-04-10 15:50:00,0.0003138143662339122
2026-04-10 15:55:00,0.0008925453835496359
2026-04-13 09:30:00,-0.0015472709216461762
2026-04-13 09:35:00,-0.0005079871904923824
2026-04-13 09:40:00,-9.682002307540153e-05
2026-04-13 09:45:00,0.001976358865879084
2026-04-13 09:50:00,-0.0009432429068086034
2026-04-13 09:55:00,0.0017452124206393757
2026-04-13 10:00:00,-0.0024693355059022502
2026-04-13 10:05:00,0.0007436049888213329
2026-04-13 10:10:00,0.0005316957826089245
2026-04-13 10:15:00,0.00012591283890963512
2026-04-13 10:20:00,1.1566905733826702e-05
2026-04-13 10:25:00,-2.4187186136892023e-05
2026-04-13 10:30:00,0.00011982833688592742
2026-04-13 10:35:00,-0.00019154821179019719
2026-04-13 10:40:00,0.00020660376019875502
2026-04-13 10:45:00,-0.0009235888452418894
2026-04-13 10:50:00,1.9004337301374192e-05
2026-04-13 10:55:00,0.0005726410393144619
2026-04-13 11:00:00,-0.00048525660843392666
2026-04-13 11:05:00,-0.0004081283307126502
2026-04-13 11:10:00,0.0001532754017549324
2026-04-13 11:15:00,-0.000456679148596271
2026-04-13 11:20:00,-0.0002093501396872956
2026-04-13 11:25:00,-8.191730339934954e-05
2026-04-13 11:30:00,-0.00013595549277435986
2026-04-13 11:35:00,0.00010317803481666007
2026-04-13 11:40:00,-0.0002629275635280142
2026-04-13 11:45:00,-0.00036341160513328295
2026-04-13 11:50:00,0.00032168927835314175
2026-04-13 11:55:00,0.00034830613382890206
2026-04-13 12:00:00,5.765414834273443e-05
2026-04-13 12:05:00,0.0011873069518256812
2026-04-13 12:10:00,0.0007712554123014989
2026-04-13 12:15:00,0.0002369873973589491
2026-04-13 12:20:00,0.0007644051217773456
2026-04-13 12:25:00,0.0004960000819366913
2026-04-13 12:30:00,0.0005308875471257053
2026-04-13 12:35:00,0.00023195620343552693
2026-04-13 12:40:00,5.021254579206216e-05
2026-04-13 12:45:00,0.0007918962692425432
2026-04-13 12:50:00,4.5885973885936866e-05
2026-04-13 12:55:00,0.00017695428655143351
2026-04-13 13:00:00,0.0003968115201654712
2026-04-13 13:05:00,-0.00011122185569040335
2026-04-13 13:10:00,-0.0002771811139324846
2026-04-13 13:15:00,0.00021416969185755682
2026-04-13 13:20:00,-0.0003876087885380701
2026-04-13 13:25:00,0.00020747036260632817
2026-04-13 13:30:00,3.2060339717773966e-05
2026-04-13 13:35:00,-0.00030534132715516016
2026-04-13 13:40:00,-0.0003300949023319269
2026-04-13 13:45:00,6.115537745280848e-05
2026-04-13 13:50:00,0.00031015610611366843
2026-04-13 13:55:00,-7.54820450896592e-05
2026-04-13 14:00:00,0.00011867737024660432
2026-04-13 14:05:00,0.00038868237124865
2026-04-13 14:10:00,0.00041442062916848335
2026-04-13 14:15:00,-0.00011815235197476237
2026-04-13 14:20:00,-3.0910845124241545e-05
2026-04-13 14:25:00,-0.00013236405598121624
2026-04-13 14:30:00,-0.00011958384792295011
2026-04-13 14:35:00,6.719057478769483e-05
2026-04-13 14:40:00,0.0002060982569864401
2026-04-13 14:45:00,0.0005682123418904605
2026-04-13 14:50:00,0.00010254927500519628
2026-04-13 14:55:00,2.1481267313703413e-05
2026-04-13 15:00:00,0.0001226124884501989
2026-04-13 15:05:00,-0.00012118603434570224
2026-04-13 15:10:00,-0.00023426765528012215
2026-04-13 15:15:00,0.000355900120776551
2026-04-13 15:20:00,0.00041474408363758165
2026-04-13 15:25:00,0.00032483964775081934
2026-04-13 15:30:00,-7.455323533665719e-05
2026-04-13 15:35:00,0.00022219092126673758
2026-04-13 15:40:00,0.0001396675605910985
2026-04-13 15:45:00,-0.0003223048592619422
2026-04-13 15:50:00,0.002614681168684926
2026-04-13 15:55:00,0.0005779916195915069
2026-04-14 09:30:00,-0.0011030068702211843
2026-04-14 09:35:00,0.0029289915482877153
2026-04-14 09:40:00,-0.001001847688464271
2026-04-14 09:45:00,-0.0007302421013694641
2026-04-14 09:50:00,-0.0005509258689149052
2026-04-14 09:55:00,0.0016335342295309145
2026-04-14 10:00:00,0.00028539628498129685
2026-04-14 10:05:00,0.0005192862161012524
2026-04-14 10:10:00,0.0002442887463136007
2026-04-14 10:15:00,0.00021434825539704921
2026-04-14 10:20:00,-0.00047668448914373594
2026-04-14 10:25:00,-0.0004189337839869457
2026-04-14 10:30:00,-0.00019167144787788466
2026-04-14 10:35:00,-0.00027970708453314033
2026-04-14 10:40:00,0.00036379028570450954
2026-04-14 10:45:00,0.0010052006867993812
2026-04-14 10:50:00,0.0002514103909067488
2026-04-14 10:55:00,0.00022666493318429306
2026-04-14 11:00:00,-0.00018923838410433113
2026-04-14 11:05:00,-0.00010234601663908861
2026-04-14 11:10:00,-0.000434309363336853
2026-04-14 11:15:00,0.0006855269669758248
2026-04-14 11:20:00,0.0003082401882247455
2026-04-14 11:25:00,0.0004650275682303504
2026-04-14 11:30:00,-0.0001340476032542786
2026-04-14 11:35:00,-0.00013015267921909443
2026-04-14 11:40:00,-0.00015868266259308318
2026-04-14 11:45:00,2.8525975854829414e-07
2026-04-14 11:50:00,0.00015486890640985186
2026-04-14 11:55:00,-0.00013622319943127272
2026-04-14 12:00:00,-2.0497152847040014e-05
2026-04-14 12:05:00,-0.0002462726992220691
2026-04-14 12:10:00,-0.0002414889793347136
2026-04-14 12:15:00,0.00010269632239750219
2026-04-14 12:20:00,0.0002712745950687089
2026-04-14 12:25:00,2.3554845433945648e-05
2026-04-14 12:30:00,-0.00017925197548221075
2026-04-14 12:35:00,2.688133223829958e-06
2026-04-14 12:40:00,8.986728257071304e-05
2026-04-14 12:45:00,-3.0173241523965972e-05
2026-04-14 12:50:00,-0.0007021895580428553
2026-04-14 12:55:00,-0.0003669942641248234
2026-04-14 13:00:00,0.0005382889076406061
2026-04-14 13:05:00,4.3751811426562086e-05
2026-04-14 13:10:00,-0.00011148176706469038
2026-04-14 13:15:00,0.000349458812963696
2026-04-14 13:20:00,0.0003329461560391214
2026-04-14 13:25:00,5.730182300931586e-05
2026-04-14 13:30:00,0.000233635113410872
2026-04-14 13:35:00,-0.00017970663049871456
2026-04-14 13:40:00,-0.00011572326067866567
2026-04-14 13:45:00,-2.3830737082571716e-05
2026-04-14 13:50:00,-0.00017324738464446937
2026-04-14 13:55:00,-4.868788172495367e-05
2026-04-14 14:00:00,0.00031746892962673866
2026-04-14 14:05:00,0.00036954393549876445
2026-04-14 14:10:00,-0.0002635004082611767
2026-04-14 14:15:00,-0.0007857949659086778
2026-04-14 14:20:00,-0.0008231389006996162
2026-04-14 14:25:00,0.00029090176966224885
2026-04-14 14:30:00,0.00014400788021733105
2026-04-14 14:35:00,0.00040418681130396033
2026-04-14 14:40:00,-0.00019217922548091343
2026-04-14 14:45:00,-0.0001095683641516118
2026-04-14 14:50:00,0.0003369064632777574
2026-04-14 14:55:00,0.0001438379019108924
2026-04-14 15:00:00,0.00017807253543936823
2026-04-14 15:05:00,-0.00014934909766269337
2026-04-14 15:10:00,-5.419429621697257e-06
2026-04-14 15:15:00,0.0003052899173348922
2026-04-14 15:20:00,0.00040984860537467794
2026-04-14 15:25:00,0.00021499305618470808
2026-04-14 15:30:00,-0.0002862457676668705
2026-04-14 15:35:00,-8.727101274365304e-05
2026-04-14 15:40:00,2.3724183460827834e-05
2026-04-14 15:45:00,-0.00014336128827481336
2026-04-14 15:50:00,-0.0008373828536654622
2026-04-14 15:55:00,0.0005165540036126623
2026-04-15 09:30:00,-0.0017446075758957907
2026-04-15 09:35:00,0.0025053959215754393
2026-04-15 09:40:00,-0.002898220379623846
2026-04-15 09:45:00,-0.0007929835039143167
2026-04-15 09:50:00,-0.001133367743305265
2026-04-15 09:55:00,0.0008414031367746579
2026-04-15 10:00:00,-0.0019303644618460633
2026-04-15 10:05:00,0.00017604172263555772
2026-04-15 10:10:00,0.0002942877562855753
2026-04-15 10:15:00,-7.6229341762094134e-06
2026-04-15 10:20:00,0.0004996257026869574
2026-04-15 10:25:00,0.000426689454342884
2026-04-15 10:30:00,-0.0015094144102244418
2026-04-15 10:35:00,-0.00034574015143107263
2026-04-15 10:40:00,0.0012633539506916784
2026-04-15 10:45:00,4.186279885421371e-05
2026-04-15 10:50:00,-0.000871319454575047
2026-04-15 10:55:00,-0.00038186365951925537
2026-04-15 11:00:00,-0.0006330316555020986
2026-04-15 11:05:00,0.0004711164377312687
2026-04-15 11:10:00,0.0010752449987101106
2026-04-15 11:15:00,0.0003585704637810794
2026-04-15 11:20:00,-0.00026475349072755685
2026-04-15 11:25:00,0.00010197696266556747
2026-04-15 11:30:00,-0.0008100880225847414
2026-04-15 11:35:00,0.00016212328748752946
2026-04-15 11:40:00,0.00038975378153731697
2026-04-15 11:45:00,-0.0004975916312656077
2026-04-15 11:50:00,-0.0004903720014195563
2026-04-15 11:55:00,-0.00028081874892928557
2026-04-15 12:00:00,-0.00032999656856571886
2026-04-15 12:05:00,0.0003224551247541824
2026-04-15 12:10:00,1.8413415015161575e-05
2026-04-15 12:15:00,-0.00033267288399636374
2026-04-15 12:20:00,0.00029743424169710315
2026-04-15 12:25:00,-8.82130996454889e-05
2026-04-15 12:30:00,0.0006673528071309652
2026-04-15 12:35:00,-0.0001760749301466994
2026-04-15 12:40:00,-0.0006956796724562331
2026-04-15 12:45:00,0.0006976665157041502
2026-04-15 12:50:00,-0.000286500002066886
2026-04-15 12:55:00,0.00047288440529265395
2026-04-15 13:00:00,0.0005995087157883323
2026-04-15 13:05:00,0.00022221933724974593
2026-04-15 13:10:00,5.866155997546933e-06
2026-04-15 13:15:00,0.00033919356222352604
2026-04-15 13:20:00,4.431944563026669e-05
2026-04-15 13:25:00,-0.0001388707885773752
2026-04-15 13:30:00,0.000210353632746577
2026-04-15 13:35:00,-6.263944165012045e-05
2026-04-15 13:40:00,-0.00023462461898647333
2026-04-15 13:45:00,6.912551696543445e-05
2026-04-15 13:50:00,0.0003067838468268422
2026-04-15 13:55:00,-1.5348452670164966e-05
2026-04-15 14:00:00,0.0008118538829321244
2026-04-15 14:05:00,-0.00012805640544695374
2026-04-15 14:10:00,-0.00011963035281523194
2026-04-15 14:15:00,6.92290789067699e-05
2026-04-15 14:20:00,0.0004308802088468336
2026-04-15 14:25:00,-0.0003078753161363299
2026-04-15 14:30:00,0.0002318530309325354
2026-04-15 14:35:00,-6.619225037010788e-05
2026-04-15 14:40:00,-5.4970454287576914e-05
2026-04-15 14:45:00,0.00038995275578913467
2026-04-15 14:50:00,0.0003973368514924537
2026-04-15 14:55:00,0.000373943772032606
2026-04-15 15:00:00,0.00027315279771205866
2026-04-15 15:05:00,7.826390790281061e-05
2026-04-15 15:10:00,-0.00020189976695016918
2026-04-15 15:15:00,0.00011899836454365632
2026-04-15 15:20:00,0.00016341754946062453
2026-04-15 15:25:00,9.676947103531304e-05
2026-04-15 15:30:00,-0.0003763692203315323
2026-04-15 15:35:00,-0.0014285727402158466
2026-04-15 15:40:00,0.00020034400181163854
2026-04-15 15:45:00,0.0001872850548903431
2026-04-15 15:50:00,4.763936054032104e-05
2026-04-15 15:55:00,-0.00010836965686784728
2026-04-16 09:30:00,0.00493799840672131
2026-04-16 09:35:00,0.00036865315854376295
2026-04-16 09:40:00,-0.0005720916269978126
2026-04-16 09:45:00,0.0008072407214136974
2026-04-16 09:50:00,-0.0006930633951120469
2026-04-16 09:55:00,0.0004313392727332452
2026-04-16 10:00:00,-0.0009127827225079015
2026-04-16 10:05:00,-0.00011976168736927147
2026-04-16 10:10:00,8.177748678574363e-06
2026-04-16 10:15:00,-0.0005434839250457327
2026-04-16 10:20:00,-0.00027522278433377787
2026-04-16 10:25:00,-7.032553233032994e-05
2026-04-16 10:30:00,-0.00037242965327532736
2026-04-16 10:35:00,-0.0008258652842399599
2026-04-16 10:40:00,0.00041197950586224427
2026-04-16 10:45:00,0.0002893606405451989
2026-04-16 10:50:00,0.0006081636756578936
2026-04-16 10:55:00,-0.00012522957264546233
2026-04-16 11:00:00,0.00032434800764836276
2026-04-16 11:05:00,0.00035127094811006343
2026-04-16 11:10:00,0.0008538484863792888
2026-04-16 11:15:00,0.00012926477430568248
2026-04-16 11:20:00,-0.00015966174177283054
2026-04-16 11:25:00,-0.0006567754207353209
2026-04-16 11:30:00,-0.00033872859202981043
2026-04-16 11:35:00,0.000867067547784752
2026-04-16 11:40:00,-0.0004312055391584259
2026-04-16 11:45:00,8.721848798737535e-05
2026-04-16 11:50:00,0.00047253955953271667
2026-04-16 11:55:00,0.00018895205559887573
2026-04-16 12:00:00,0.00012403253145907607
2026-04-16 12:05:00,-0.0003884649524525174
2026-04-16 12:10:00,-0.00010287154692127022
2026-04-16 12:15:00,0.00018957883265188226
2026-04-16 12:20:00,-0.0003957462065268029
2026-04-16 12:25:00,0.0001467691918727321
2026-04-16 12:30:00,-0.0006877270217889584
2026-04-16 12:35:00,9.810372460544844e-06
2026-04-16 12:40:00,-0.00025994545268354265
2026-04-16 12:45:00,-0.0003619296710741072
2026-04-16 12:50:00,-0.00033664356460366587
2026-04-16 12:55:00,1.620782818741468e-05
2026-04-16 13:00:00,-0.0003859106377832465
2026-04-16 13:05:00,8.855768855584961e-05
2026-04-16 13:10:00,-0.0006478366872117471
2026-04-16 13:15:00,-0.00020906340265190493
2026-04-16 13:20:00,0.00025550510099734704
2026-04-16 13:25:00,8.008866431895595e-05
2026-04-16 13:30:00,0.00040836681717109356
2026-04-16 13:35:00,0.00021713725773667982
2026-04-16 13:40:00,0.0003759789171712342
2026-04-16 13:45:00,6.256702640108921e-05
2026-04-16 13:50:00,-0.00013018359523740157
2026-04-16 13:55:00,-0.0005611672281548574
2026-04-16 14:00:00,0.00041236413046254016
2026-04-16 14:05:00,-0.00017136345443162683
2026-04-16 14:10:00,0.0003093447653390996
2026-04-16 14:15:00,0.00014606598241869155
2026-04-16 14:20:00,-0.0004186554692226478
2026-04-16 14:25:00,-0.00024548492241380736
2026-04-16 14:30:00,0.0004803090029073852
2026-04-16 14:35:00,-0.00026511655880518683
2026-04-16 14:40:00,0.00012874515304200215
2026-04-16 14:45:00,0.00010990527269117017
2026-04-16 14:50:00,-0.00029579954978754916
2026-04-16 14:55:00,0.00029620054876796113
2026-04-16 15:00:00,0.0005112701057689041
2026-04-16 15:05:00,2.541982269340775e-05
2026-04-16 15:10:00,-0.0003892067199388061
2026-04-16 15:15:00,0.0005454135340304225
2026-04-16 15:20:00,0.00014666791956789374
2026-04-16 15:25:00,-0.00012534542563259236
2026-04-16 15:30:00,-0.00015723196157770117
2026-04-16 15:35:00,-0.00010719895543240976
2026-04-16 15:40:00,-0.00016589945797125554
2026-04-16 15:45:00,0.0003470243898196952
2026-04-16 15:50:00,0.000325677109813979
2026-04-16 15:55:00,0.00010805700801959806
2026-04-17 09:30:00,0.006270852424167736
2026-04-17 09:35:00,-0.00040337156721366376
2026-04-17 09:40:00,-0.0008584107470648889
2026-04-17 09:45:00,0.00033814031241364005
2026-04-17 09:50:00,0.002071189380238859
2026-04-17 09:55:00,0.0014318045287412592
2026-04-17 10:00:00,0.0004398166219217776
2026-04-17 10:05:00,0.0003926532357063957
2026-04-17 10:10:00,-0.00030470855095733823
2026-04-17 10:15:00,0.00044110922620724935
2026-04-17 10:20:00,0.0014924629460381646
2026-04-17 10:25:00,0.00011451888747341231
2026-04-17 10:30:00,0.0004301737113151534
2026-04-17 10:35:00,6.131177805263927e-05
2026-04-17 10:40:00,0.001340826880104886
2026-04-17 10:45:00,0.00028044704892924213
2026-04-17 10:50:00,-0.0005946615871517808
2026-04-17 10:55:00,-0.0012976541971291549
2026-04-17 11:00:00,0.0002608362424975806
2026-04-17 11:05:00,-0.0003437790727145695
2026-04-17 11:10:00,-0.001105819000858146
2026-04-17 11:15:00,-0.00011508156591307243
2026-04-17 11:20:00,-0.00024102486007199583
2026-04-17 11:25:00,7.072544028257355e-06
2026-04-17 11:30:00,0.0008707310097874257
2026-04-17 11:35:00,0.000153704417993301
2026-04-17 11:40:00,-0.0006105179019575476
2026-04-17 11:45:00,0.0006840344110214864
2026-04-17 11:50:00,0.0009549107113567248
2026-04-17 11:55:00,0.00023258477911098103
2026-04-17 12:00:00,0.0004894476680957775
2026-04-17 12:05:00,-0.0003453648062168267
2026-04-17 12:10:00,0.0001289378685494319
2026-04-17 12:15:00,7.853491807825565e-06
2026-04-17 12:20:00,-0.00010196064868562353
2026-04-17 12:25:00,0.00014750927570668476
2026-04-17 12:30:00,0.0007573984055179088
2026-04-17 12:35:00,0.0004159379061836957
2026-04-17 12:40:00,0.00043322347422385186
2026-04-17 12:45:00,7.698873306690362e-05
2026-04-17 12:50:00,7.830409168912788e-05
2026-04-17 12:55:00,-0.0002932162734975345
2026-04-17 13:00:00,-0.00011338988003163809
2026-04-17 13:05:00,-0.0010018706406451842
2026-04-17 13:10:00,-0.00021523259201206203
2026-04-17 13:15:00,-4.5471657261421116e-05
2026-04-17 13:20:00,-0.0017874803718624268
2026-04-17 13:25:00,0.00036880791366763745
2026-04-17 13:30:00,-0.00039038130644892806
2026-04-17 13:35:00,-0.00029180777604872733
2026-04-17 13:40:00,-0.00046059181992046203
2026-04-17 13:45:00,0.0007127675520706085
2026-04-17 13:50:00,0.0002849938110472689
2026-04-17 13:55:00,-0.0003503813394956356
2026-04-17 14:00:00,-0.0005508372029853184
2026-04-17 14:05:00,-0.0006661541420571159
2026-04-17 14:10:00,-5.24893666653013e-05
2026-04-17 14:15:00,0.0004140559439257121
2026-04-17 14:20:00,0.00023209364529141083
2026-04-17 14:25:00,0.0003553278871501428
2026-04-17 14:30:00,0.0004902015454756428
2026-04-17 14:35:00,-0.0006104154427677461
2026-04-17 14:40:00,0.0001203843413880164
2026-04-17 14:45:00,-0.00011910900665350107
2026-04-17 14:50:00,-0.0005781183158358001
2026-04-17 14:55:00,0.00020531756479914257
2026-04-17 15:00:00,-0.0001647071689366537
2026-04-17 15:05:00,-2.464445106320096e-05
2026-04-17 15:10:00,-0.00022831753195133667
2026-04-17 15:15:00,5.3229365437042675e-05
2026-04-17 15:20:00,-0.000516841182374492
2026-04-17 15:25:00,4.996179828341061e-05
2026-04-17 15:30:00,0.0005963447110425831
2026-04-17 15:35:00,0.0005963457573646212
2026-04-17 15:40:00,8.091535320387737e-05
2026-04-17 15:45:00,-0.0007564760086477297
2026-04-17 15:50:00,0.0006751125035196073
2026-04-17 15:55:00,-0.00037536086703356315
